"DESCRIPTION","DURATION IN MS","NAME","PARENT SUITE","START TIME","STATUS","STOP TIME","SUB SUITE","SUITE","TEST CLASS","TEST METHOD"
"","1350","Dapat melihat detail product dari judul di list products","","2026-10-03","passed","2026-10-03","Inventory Item Detail","inventory-item/inventory-item.spec.js","",""
"","347","Tidak bisa akses inventory.html tanpa session","","2026-10-03","passed","2026-10-03","Login Page","login/login.spec.js","",""
"","533","Melihat deskripsi product tiap item","","2026-10-03","passed","2026-10-03","Inventory Page","inventory/inventory.spec.js","",""
"","30067","Filter Price (low to high) mengurutkan produk dari harga terendah","","2026-10-03","broken","2026-10-03","Inventory Page","inventory/inventory.spec.js","",""
"","1522","Counter cart tidak muncul jika semua item di-remove","","2026-10-03","passed","2026-10-03","Inventory Page","inventory/inventory.spec.js","",""
"","1378","Add semua item ke cart, counter sesuai jumlah item","","2026-10-03","passed","2026-10-03","Inventory Page","inventory/inventory.spec.js","",""
"","420","Tidak bisa login jika password kosong","","2026-10-03","passed","2026-10-03","Login Page","login/login.spec.js","",""
"","30071","Filter Name (A to Z) mengurutkan produk ascending","","2026-10-03","broken","2026-10-03","Inventory Page","inventory/inventory.spec.js","",""
"","5586","Footer menampilkan icon social media dan copyright","","2026-10-03","failed","2026-10-03","Inventory Page","inventory/inventory.spec.js","",""
"","537","Melihat harga tiap product dengan format $x.xx","","2026-10-03","passed","2026-10-03","Inventory Page","inventory/inventory.spec.js","",""
"","5770","Counter cart berkurang setelah remove","","2026-10-03","failed","2026-10-03","Inventory Item Detail","inventory-item/inventory-item.spec.js","",""
"","359","Tidak bisa akses checkout-complete.html tanpa session","","2026-10-03","passed","2026-10-03","Login Page","login/login.spec.js","",""
"","613","Button Add to Cart berubah menjadi Remove setelah diklik","","2026-10-03","passed","2026-10-03","Inventory Page","inventory/inventory.spec.js","",""
"","567","Melihat gambar product tiap item","","2026-10-03","passed","2026-10-03","Inventory Page","inventory/inventory.spec.js","",""
"","419","Tidak bisa akses checkout-step-one.html tanpa session","","2026-10-03","passed","2026-10-03","Login Page","login/login.spec.js","",""
"","392","Tidak bisa akses checkout-step-two.html tanpa session","","2026-10-03","passed","2026-10-03","Login Page","login/login.spec.js","",""
"","1126","Counter cart bertambah setelah add to cart","","2026-10-03","passed","2026-10-03","Inventory Item Detail","inventory-item/inventory-item.spec.js","",""
"","622","Melihat judul product tiap item","","2026-10-03","passed","2026-10-03","Inventory Page","inventory/inventory.spec.js","",""
"","439","Tidak bisa login jika username kosong","","2026-10-03","passed","2026-10-03","Login Page","login/login.spec.js","",""
"","440","Tidak bisa login jika username dan password kosong","","2026-10-03","passed","2026-10-03","Login Page","login/login.spec.js","",""
"","30070","Filter Name (Z to A) mengurutkan produk descending","","2026-10-03","broken","2026-10-03","Inventory Page","inventory/inventory.spec.js","",""
"","372","Halaman login terbuka dan form login terlihat","","2026-10-03","passed","2026-10-03","Login Page","login/login.spec.js","",""
"","1256","Melihat judul Swag Labs pada homepage","","2026-10-03","passed","2026-10-03","Inventory Page","inventory/inventory.spec.js","",""
"","424","Tidak bisa akses inventory-item.html tanpa session","","2026-10-03","passed","2026-10-03","Login Page","login/login.spec.js","",""
"","504","Login dengan username dan password valid","","2026-10-03","passed","2026-10-03","Login Page","login/login.spec.js","",""
"","575","Button add to cart terlihat jika belum ditambahkan","","2026-10-03","passed","2026-10-03","Inventory Item Detail","inventory-item/inventory-item.spec.js","",""
"","574","Melihat sub judul halaman Products","","2026-10-03","passed","2026-10-03","Inventory Page","inventory/inventory.spec.js","",""
"","2256","Counter cart berkurang setelah Remove","","2026-10-03","passed","2026-10-03","Inventory Page","inventory/inventory.spec.js","",""
"","792","Dapat melihat detail product dari judul di cart","","2026-10-03","passed","2026-10-03","Inventory Item Detail","inventory-item/inventory-item.spec.js","",""
"","729","Button Remove muncul setelah Add to Cart, dan kembali ke Add to Cart setelah diklik","","2026-10-03","passed","2026-10-03","Inventory Page","inventory/inventory.spec.js","",""
"","705","Kembali ke list product dari halaman detail","","2026-10-03","passed","2026-10-03","Inventory Item Detail","inventory-item/inventory-item.spec.js","",""
"","523","Semua button Add to Cart terlihat dan enabled","","2026-10-03","passed","2026-10-03","Inventory Page","inventory/inventory.spec.js","",""
"","640","Detail product menampilkan gambar, judul, deskripsi, harga","","2026-10-03","passed","2026-10-03","Inventory Item Detail","inventory-item/inventory-item.spec.js","",""
"","2502","Cart kosong jika belum ada produk","","2026-10-03","passed","2026-10-03","Order Placement & Checkout","orderplacement/checkout.spec.js","",""
"","490","Tidak bisa login jika password salah","","2026-10-03","passed","2026-10-03","Login Page","login/login.spec.js","",""
"","30074","Filter Price (high to low) mengurutkan produk dari harga tertinggi","","2026-10-03","broken","2026-10-03","Inventory Page","inventory/inventory.spec.js","",""
"","373","Tidak bisa akses cart.html tanpa session","","2026-10-03","passed","2026-10-03","Login Page","login/login.spec.js","",""
"","1024","Checkout 1 produk sampai selesai","","2026-10-03","passed","2026-10-03","Order Placement & Checkout","orderplacement/checkout.spec.js","",""
"","627","Counter cart bertambah setelah Add to Cart","","2026-10-03","passed","2026-10-03","Inventory Page","inventory/inventory.spec.js","",""
"","1937","Button berubah jadi remove setelah add to cart","","2026-10-03","failed","2026-10-03","Inventory Item Detail","inventory-item/inventory-item.spec.js","",""
"","533","Semua opsi filter terlihat","","2026-10-03","failed","2026-10-03","Inventory Page","inventory/inventory.spec.js","",""
